{"cameraMode":{"drawMode":0,"name":"Shaded","section":"Shading Mode"},"sceneLighting":true,"audioPlay":false,"sceneViewState":{"m_AlwaysRefresh":false,"showFog":true,"showSkybox":true,"showFlares":true,"showImageEffects":true,"showParticleSystems":true,"showVisualEffectGraphs":true,"m_FxEnabled":true},"in2DMode":false,"pivot":{"x":-2.4711172580718996,"y":-3.0127739906311037,"z":-3.1338634490966799},"rotation":{"x":0.11992691457271576,"y":-0.8780184984207153,"z":0.3581547439098358,"w":0.29399511218070986},"size":1.7818434238433838,"orthographic":true}