{"cameraMode":{"drawMode":0,"name":"Shaded","section":"Shading Mode"},"sceneLighting":true,"audioPlay":false,"sceneViewState":{"m_AlwaysRefresh":false,"showFog":true,"showSkybox":true,"showFlares":true,"showImageEffects":true,"showParticleSystems":true,"showVisualEffectGraphs":true,"m_FxEnabled":true},"in2DMode":false,"pivot":{"x":-1.3286757469177247,"y":1.408003330230713,"z":1.817068099975586},"rotation":{"x":0.0025331710930913688,"y":-0.9918366074562073,"z":0.12594912946224214,"w":0.019945422187447549},"size":1.8859177827835084,"orthographic":true}