{"cameraMode":{"drawMode":0,"name":"Shaded","section":"Shading Mode"},"sceneLighting":true,"audioPlay":false,"sceneViewState":{"m_AlwaysRefresh":false,"showFog":true,"showSkybox":true,"showFlares":true,"showImageEffects":true,"showParticleSystems":true,"showVisualEffectGraphs":true,"m_FxEnabled":true},"in2DMode":false,"pivot":{"x":-2.4711172580718996,"y":-3.0127739906311037,"z":-3.1338634490966799},"rotation":{"x":0.13110746443271638,"y":-0.8580691814422607,"z":0.26996034383773806,"w":0.41672617197036745},"size":13.19101333618164,"orthographic":true}