{"cameraMode":{"drawMode":0,"name":"Shaded","section":"Shading Mode"},"sceneLighting":true,"audioPlay":false,"sceneViewState":{"m_AlwaysRefresh":false,"showFog":true,"showSkybox":true,"showFlares":true,"showImageEffects":true,"showParticleSystems":true,"showVisualEffectGraphs":true,"m_FxEnabled":true},"in2DMode":false,"pivot":{"x":-1.2255231142044068,"y":0.1761188507080078,"z":1.1905193328857422},"rotation":{"x":-0.0034812004305422308,"y":-0.9909175634384155,"z":0.1318778693675995,"w":-0.02615961991250515},"size":1.5106384754180909,"orthographic":true}