{"cameraMode":{"drawMode":0,"name":"Shaded","section":"Shading Mode"},"sceneLighting":true,"audioPlay":false,"sceneViewState":{"m_AlwaysRefresh":false,"showFog":true,"showSkybox":true,"showFlares":true,"showImageEffects":true,"showParticleSystems":true,"showVisualEffectGraphs":true,"m_FxEnabled":true},"in2DMode":false,"pivot":{"x":-0.3500000238418579,"y":1.7400000095367432,"z":2.3299999237060549},"rotation":{"x":-0.0008152029477059841,"y":-0.9884887337684631,"z":0.15122567117214204,"w":-0.00533110648393631},"size":1.9011684656143189,"orthographic":true}