{"cameraMode":{"drawMode":0,"name":"Shaded","section":"Shading Mode"},"sceneLighting":true,"audioPlay":false,"sceneViewState":{"m_AlwaysRefresh":false,"showFog":true,"showSkybox":true,"showFlares":true,"showImageEffects":true,"showParticleSystems":true,"showVisualEffectGraphs":true,"m_FxEnabled":true},"in2DMode":false,"pivot":{"x":-1.2978787422180176,"y":1.0463708639144898,"z":0.537994384765625},"rotation":{"x":0.0025331710930913688,"y":-0.9918366074562073,"z":0.12594912946224214,"w":0.019945422187447549},"size":1.2663888931274415,"orthographic":true}