{"cameraMode":{"drawMode":0,"name":"Shaded","section":"Shading Mode"},"sceneLighting":true,"audioPlay":false,"sceneViewState":{"m_AlwaysRefresh":false,"showFog":true,"showSkybox":true,"showFlares":true,"showImageEffects":true,"showParticleSystems":true,"showVisualEffectGraphs":true,"m_FxEnabled":true},"in2DMode":false,"pivot":{"x":-0.3500000238418579,"y":1.7400000095367432,"z":2.3299999237060549},"rotation":{"x":0.19092532992362977,"y":-0.7673811912536621,"z":0.2656882405281067,"w":0.5514477491378784},"size":3.1469204425811769,"orthographic":true}