{"cameraMode":{"drawMode":0,"name":"Shaded","section":"Shading Mode"},"sceneLighting":true,"audioPlay":false,"sceneViewState":{"m_AlwaysRefresh":false,"showFog":true,"showSkybox":true,"showFlares":true,"showImageEffects":true,"showParticleSystems":true,"showVisualEffectGraphs":true,"m_FxEnabled":true},"in2DMode":false,"pivot":{"x":-0.3500000238418579,"y":1.7400000095367432,"z":2.3299999237060549},"rotation":{"x":0.0008038103114813566,"y":-0.9925752282142639,"z":0.12150579690933228,"w":0.006557048764079809},"size":1.5252816677093506,"orthographic":true}