{"cameraMode":{"drawMode":0,"name":"Shaded","section":"Shading Mode"},"sceneLighting":false,"audioPlay":false,"sceneViewState":{"m_AlwaysRefresh":false,"showFog":false,"showSkybox":false,"showFlares":false,"showImageEffects":false,"showParticleSystems":false,"showVisualEffectGraphs":true,"m_FxEnabled":true},"in2DMode":false,"pivot":{"x":0.0030079185962677,"y":0.642092764377594,"z":0.0939640998840332},"rotation":{"x":-0.0025985371321439745,"y":-0.9648391008377075,"z":0.2626788020133972,"w":-0.009546007961034775},"size":1.0719636678695679,"orthographic":true}